time,INT_CO2,INT_REL_HD,MID_INT_TMP,SLR_RAD
2021-10-19 00:00:00+00:00,848,60.5,19.8,0.0
2021-10-19 00:03:00+00:00,848,68.66448485967753,24.068902885107082,0.0
2021-10-19 00:06:00+00:00,634,76.82896971935506,28.337805770214167,114.66586908636845
2021-10-19 00:09:00+00:00,702,84.99345457903257,32.60670865532125,0.0
2021-10-19 00:12:00+00:00,770,93.1579394387101,19.9,730.8200254765111
2021-10-19 00:15:00+00:00,551,76.45396971935506,19.9,225.11048594609755
2021-10-19 00:18:00+00:00,612,59.75,19.9,656.7678325842363
2021-10-19 00:21:00+00:00,672,67.40241475583429,26.936280780229488,0.0
2021-10-19 00:24:00+00:00,733,75.05482951166857,33.97256156045898,144.66979950075435
2021-10-19 00:27:00+00:00,554,82.70724426750286,36.08484800467889,581.1428637051595
2021-10-19 00:30:00+00:00,374,90.35965902333714,38.19713444889881,182.4660371997215
2021-10-19 00:33:00+00:00,466,98.01207377917143,19.9,255.40188675911418
2021-10-19 00:36:00+00:00,558,104.97953330244965,35.62930842254755,421.6738510772337
2021-10-19 00:39:00+00:00,730,82.27309998455816,34.27552162695636,0.0
2021-10-19 00:42:00+00:00,745,59.56666666666666,29.172010557893117,137.13587017928396
2021-10-19 00:45:00+00:00,562,59.516666666666666,30.78498382713833,377.4738586010314
2021-10-19 00:48:00+00:00,637,59.46666666666667,32.39795709638354,261.0491760339563
2021-10-19 00:51:00+00:00,867,89.17635103350062,34.01093036562875,213.3510650694719
2021-10-19 00:54:00+00:00,715,89.60686977793368,35.24681997951173,571.4483949752517
2021-10-19 00:57:00+00:00,563,90.03738852236674,36.4827095933947,150.5889891399462
2021-10-19 01:00:00+00:00,564,32.506323685387834,19.95,0.0
2021-10-19 01:03:00+00:00,566,46.54479954818008,19.966666666666665,722.9152646296106
2021-10-19 01:06:00+00:00,568,60.58327541097232,19.983333333333334,0.0
2021-10-19 01:09:00+00:00,703,74.62175127376457,20.0,69.44759815089235
2021-10-19 01:12:00+00:00,570,88.66022713655681,23.95915972297186,138.8951963017847
2021-10-19 01:15:00+00:00,629,102.69870299934905,27.918319445943723,156.37475067762617
2021-10-19 01:18:00+00:00,717,94.97274427990897,25.544773870254474,188.2894006797564
2021-10-19 01:21:00+00:00,804,83.24849618660598,23.171228294565225,692.766266355894
2021-10-19 01:24:00+00:00,841,71.52424809330299,20.1,703.5563604573448
2021-10-19 01:27:00+00:00,752,59.800000000000004,20.1,362.3406655823138
2021-10-19 01:30:00+00:00,662,59.86666666666667,20.1,452.7208434103058
2021-10-19 01:33:00+00:00,572,94.18334387669704,20.0,323.1090811267581
2021-10-19 01:36:00+00:00,573,80.59862165535137,32.10287103728945,499.0357322433632
2021-10-19 01:39:00+00:00,670,60.25,36.93689697242899,201.9271816258058
2021-10-19 01:42:00+00:00,768,60.099999999999994,34.98854005947993,0.0
2021-10-19 01:45:00+00:00,865,96.0656315228797,36.46979033620712,294.93315135124755
2021-10-19 01:48:00+00:00,750,98.48422820313102,31.382784333273904,229.09960432556306
2021-10-19 01:51:00+00:00,790,100.90282488338235,31.227271858192644,453.0297917964968
2021-10-19 01:54:00+00:00,829,97.67064589576617,31.07175938311138,306.90795351711995
2021-10-19 01:57:00+00:00,835,94.43846690815,20.0,454.5768006508454
2021-10-19 02:00:00+00:00,840,91.20628792053384,37.99001653420732,662.8338311114095
2021-10-19 02:03:00+00:00,846,87.97410893291766,26.87830797631825,339.84573076368173
2021-10-19 02:06:00+00:00,585,60.9,20.0,685.9635170900732
2021-10-19 02:09:00+00:00,584,76.11526730998642,30.71953286570117,300.04140736661793
2021-10-19 02:12:00+00:00,582,86.82323514867925,36.417858485488864,394.07112541478887
2021-10-19 02:15:00+00:00,586,60.96666666666667,36.14445862464886,223.88103861095536
2021-10-19 02:18:00+00:00,585,89.71315499921009,35.96794536860994,434.98180230612076
2021-10-19 02:21:00+00:00,662,62.30197063643203,35.79143211257102,134.95101240079785
2021-10-19 02:24:00+00:00,738,34.89078627365397,35.6149188565321,374.373140815472
2021-10-19 02:27:00+00:00,815,59.979576332808286,34.83036728384332,0.0
2021-10-19 02:30:00+00:00,789,85.0683663919626,34.045815711154546,126.68347582461068
2021-10-19 02:33:00+00:00,590,90.53070152597977,12.223442437357617,122.52428299309015
2021-10-19 02:36:00+00:00,719,95.99303665999695,39.39118313824201,128.09858344656018
2021-10-19 02:39:00+00:00,785,101.45537179401411,28.425297850642078,0.0
2021-10-19 02:42:00+00:00,732,88.3035811960094,20.1,0.0
2021-10-19 02:45:00+00:00,793,75.15179059800471,31.232261963221475,273.6575555803247
2021-10-19 02:48:00+00:00,792,62.0,27.455552202610214,311.49899508035924
2021-10-19 02:51:00+00:00,679,79.8958715520844,23.678842441998956,349.3404345803937
2021-10-19 02:54:00+00:00,637,97.79174310416882,13.565925532852086,134.8955191241835
2021-10-19 02:57:00+00:00,594,98.12018339860487,25.57067177711324,196.56232238154485
2021-10-19 03:00:00+00:00,804,98.44862369304091,37.57541802137439,173.15623211925583
2021-10-19 03:03:00+00:00,774,98.77706398747696,29.722846802726924,149.75014185696685
2021-10-19 03:06:00+00:00,744,99.10550428191301,33.34409008141746,321.20857265025427
2021-10-19 03:09:00+00:00,671,91.67440342553041,36.965333360108005,0.0
2021-10-19 03:12:00+00:00,599,84.24330256914782,36.834588229562776,0.0
2021-10-19 03:15:00+00:00,670,76.81220171276522,36.70384309901755,278.4756451784777
2021-10-19 03:18:00+00:00,741,69.3811008563826,38.30712200715854,535.1140411210807
2021-10-19 03:21:00+00:00,785,61.95,36.50981140991392,0.0
2021-10-19 03:24:00+00:00,830,82.74850854410414,34.7125008126693,332.17388066910223
2021-10-19 03:27:00+00:00,792,103.54701708820828,29.73147685177754,571.7474876629443
2021-10-19 03:30:00+00:00,699,93.06026281615621,39.03230322951911,274.2727339529523
2021-10-19 03:33:00+00:00,605,82.57350854410414,28.190201642444112,130.0837870749302
2021-10-19 03:36:00+00:00,605,72.08675427205208,26.92163440806432,0.0
2021-10-19 03:39:00+00:00,730,61.6,25.653067173684526,0.0
2021-10-19 03:42:00+00:00,840,88.51023245684432,24.384499939304735,328.9286791947625
2021-10-19 03:45:00+00:00,724,87.40258320975236,22.498236705945526,0.0
2021-10-19 03:48:00+00:00,607,86.2949339626604,20.0,396.3700026138812
2021-10-19 03:51:00+00:00,608,85.18728471556844,36.15734179310118,301.89479140681
2021-10-19 03:54:00+00:00,611,87.35647404894343,32.52796278086151,653.5274826240013
2021-10-19 03:57:00+00:00,686,89.52566338231843,28.898583768621837,429.1681358594924
2021-10-19 04:00:00+00:00,761,61.6,24.449291884310917,564.7975507740248
2021-10-19 04:03:00+00:00,612,61.5,20.0,416.8668237262338
2021-10-19 04:06:00+00:00,706,92.59666859585934,30.577907804635554,560.6477527526667
2021-10-19 04:09:00+00:00,612,86.7161464025283,36.41332788558064,477.13452660183117
2021-10-19 04:12:00+00:00,611,92.12042177438364,29.85768204506818,356.0045800613724
2021-10-19 04:15:00+00:00,647,97.52469714623899,23.30203620455572,234.87463352091368
2021-10-19 04:18:00+00:00,682,97.00822279485061,21.749670674093895,0.0
2021-10-19 04:21:00+00:00,774,96.49174844346224,23.00751324624489,182.78102958539853
2021-10-19 04:24:00+00:00,866,78.99587422173113,24.26535581839589,388.78338966996694
2021-10-19 04:27:00+00:00,776,61.5,25.523198390546884,131.47699152184106
2021-10-19 04:30:00+00:00,737,77.29085203536061,37.55159104823108,0.0
2021-10-19 04:33:00+00:00,698,93.08170407072122,39.398354850831254,0.0
2021-10-19 04:36:00+00:00,659,61.6,39.252387574999,471.913016673773
2021-10-19 04:39:00+00:00,620,72.24806750347418,20.0,0.0
2021-10-19 04:42:00+00:00,621,82.89613500694834,30.159654652386063,545.6379339869077
2021-10-19 04:45:00+00:00,623,93.54420251042251,19.9,623.0146630000019
2021-10-19 04:48:00+00:00,624,104.19227001389669,25.26534732464919,0.0
2021-10-19 04:51:00+00:00,626,93.23578462702943,30.63069464929838,605.8882886694861
2021-10-19 04:54:00+00:00,788,82.27929924016217,29.283523026003838,0.0
2021-10-19 04:57:00+00:00,748,82.46295910953873,19.8,0.0
2021-10-19 05:00:00+00:00,708,82.64661897891527,25.095037943721042,523.7306602420012
2021-10-19 05:03:00+00:00,668,82.83027884829183,19.9,289.13610051928276
2021-10-19 05:06:00+00:00,659,83.01393871766837,33.81598729090189,0.0
2021-10-19 05:09:00+00:00,650,83.19759858704492,21.13864586372679,549.7371249181498
2021-10-19 05:12:00+00:00,641,80.86323000484288,33.32015657356735,214.55323948941185
2021-10-19 05:15:00+00:00,632,78.52886142264084,29.192901007477243,445.8433663462841
2021-10-19 05:18:00+00:00,864,76.28775374481074,29.66782191377345,316.31057226282155
2021-10-19 05:21:00+00:00,785,74.04664606698063,36.91388201352665,435.33064436929067
2021-10-19 05:24:00+00:00,706,71.80553838915053,19.8,624.3298966150754
2021-10-19 05:27:00+00:00,627,69.56443071132043,24.600120348811828,682.7412649645717
2021-10-19 05:30:00+00:00,647,67.32332303349031,19.9,0.0
2021-10-19 05:33:00+00:00,666,65.08221535566021,27.254447528172893,200.38269950425436
2021-10-19 05:36:00+00:00,686,62.84110767783011,23.577223764086447,100.19134975212718
2021-10-19 05:39:00+00:00,633,60.6,19.9,0.0
2021-10-19 05:42:00+00:00,635,96.81428605354353,22.22385909903401,215.6305557434232
2021-10-19 05:45:00+00:00,637,60.6,24.547718198068022,432.6362395976929
2021-10-19 05:48:00+00:00,834,60.6,26.871577297102032,240.96543488978938
2021-10-19 05:51:00+00:00,789,60.2,26.169176495522645,132.8549076874645
2021-10-19 05:54:00+00:00,714,71.87054463459577,20.457426847245863,140.9580942014036
2021-10-19 05:57:00+00:00,638,83.54108926919156,14.745677198969084,481.9725013738089
2021-10-19 06:00:00+00:00,748,95.21163390378733,19.8,401.38273061245866
2021-10-19 06:03:00+00:00,638,77.55581695189366,19.9,0.0
2021-10-19 06:06:00+00:00,815,59.9,33.87141359621123,0.0
2021-10-19 06:09:00+00:00,726,59.766666666666666,37.266649094529534,0.0
2021-10-19 06:12:00+00:00,638,59.63333333333333,34.63740661088973,303.9021938579588
2021-10-19 06:15:00+00:00,657,59.5,19.8,0.0
2021-10-19 06:18:00+00:00,676,59.233333333333334,29.125881877975292,512.6905590832203
2021-10-19 06:21:00+00:00,696,58.96666666666667,35.912489562382255,384.5461193211363
2021-10-19 06:24:00+00:00,670,58.7,30.552770819365946,433.86834777634226
2021-10-19 06:27:00+00:00,644,58.977182330966,25.193052076349638,0.0
2021-10-19 06:30:00+00:00,695,59.254364661931994,19.833333333333332,583.1958585989692
2021-10-19 06:33:00+00:00,746,73.43589440361896,31.591427508565715,0.0
2021-10-19 06:36:00+00:00,769,87.61742414530592,25.795713754282858,405.7600965766066
2021-10-19 06:39:00+00:00,792,87.89163323390363,20.0,369.67583889145834
2021-10-19 06:42:00+00:00,814,88.16584232250133,22.149446955744523,308.27592800137154
2021-10-19 06:45:00+00:00,818,88.44005141109903,36.948431976942416,280.1199019220743
2021-10-19 06:48:00+00:00,822,88.71426049969675,34.07743681192569,355.48359495589165
2021-10-19 06:51:00+00:00,735,88.98846958829446,27.088718405962847,496.21520709569694
2021-10-19 06:54:00+00:00,649,89.26267867689216,20.1,524.842800561364
2021-10-19 06:57:00+00:00,650,95.3502115695417,13.304690920668582,401.6089643334881
2021-10-19 07:00:00+00:00,650,93.18937043908977,20.2,273.5275295809506
2021-10-19 07:03:00+00:00,746,91.02852930863784,38.54735611799642,145.44609482841312
2021-10-19 07:06:00+00:00,715,88.86768817818593,34.03669641207698,502.9496209259261
2021-10-19 07:09:00+00:00,685,86.706847047734,29.52603670615754,470.835007720591
2021-10-19 07:12:00+00:00,655,93.86875980674195,27.220955913378592,232.7883001754868
2021-10-19 07:15:00+00:00,739,94.48398346983011,31.808878312225225,236.9402916366585
2021-10-19 07:18:00+00:00,721,95.09920713291825,36.39680071107186,328.5673811108817
2021-10-19 07:21:00+00:00,744,95.71443079600641,34.860552106274994,420.19447058510485
2021-10-19 07:24:00+00:00,767,96.32965445909456,32.75306940425456,18.549999999999997
2021-10-19 07:27:00+00:00,790,96.94487812218271,30.645586702234127,407.167940158038
2021-10-19 07:30:00+00:00,819,92.66632784074181,27.053334942373542,214.50158216462626
2021-10-19 07:33:00+00:00,792,61.65,33.339326622158055,464.61061554326665
2021-10-19 07:36:00+00:00,765,82.40570743342963,39.62531830194257,245.83219972860564
2021-10-19 07:39:00+00:00,738,103.16141486685925,19.0,348.31534366100254
2021-10-19 07:42:00+00:00,711,98.70896794786874,39.80965179269554,450.7984875933994
2021-10-19 07:45:00+00:00,684,94.25652102887823,35.47382632177503,268.7522720213428
2021-10-19 07:48:00+00:00,657,89.80407410988772,31.16523787631764,605.7909761571999
2021-10-19 07:51:00+00:00,694,85.3516271908972,34.62807338989232,81.3
2021-10-19 07:54:00+00:00,731,80.8991802719067,38.09090890346701,236.4121645165444
2021-10-19 07:57:00+00:00,767,52.85,29.560903022939694,356.4423099888789
2021-10-19 08:00:00+00:00,804,51.75,26.180451511469848,476.47245546121337
2021-10-19 08:03:00+00:00,769,61.467513429291614,22.8,85.2
2021-10-19 08:06:00+00:00,738,71.18502685858323,29.020837682240654,23.25
2021-10-19 08:09:00+00:00,707,80.83987589392052,23.1,258.8824774344991
2021-10-19 08:12:00+00:00,677,52.05,22.899999999999995,109.2
2021-10-19 08:15:00+00:00,646,85.31701684166576,37.95317381160647,564.1364952766313
2021-10-19 08:18:00+00:00,700,89.62297301747434,23.666666666666668,721.663178804314
2021-10-19 08:21:00+00:00,754,93.9289291932829,35.630429779975394,260.0441505457833
2021-10-19 08:24:00+00:00,807,98.23488536909147,31.902968697923896,489.13781433802984
2021-10-19 08:27:00+00:00,784,49.45,23.669546035219113,431.03536377936
2021-10-19 08:30:00+00:00,760,64.3057344089415,15.436123372514333,85.7
2021-10-19 08:33:00+00:00,737,79.16146881788299,38.05193350480835,430.8727689688187
2021-10-19 08:36:00+00:00,661,48.2,36.236788133285444,495.60328569664364
2021-10-19 08:39:00+00:00,585,48.0,34.421642761762534,650.1360288333531
2021-10-19 08:42:00+00:00,509,46.199999999999996,34.623251712104576,218.62948930423974
2021-10-19 08:45:00+00:00,433,44.5,34.82486066244661,414.490510662343
2021-10-19 08:48:00+00:00,703,54.507383719804096,35.02646961278865,565.5764898485891
2021-10-19 08:51:00+00:00,563,64.51476743960819,26.4,527.3407094107312
2021-10-19 08:54:00+00:00,552,74.52215115941229,39.12914499037128,750.6781002769504
2021-10-19 08:57:00+00:00,784,41.9,38.059064754800886,130.9
2021-10-19 09:00:00+00:00,628,101.77846597921865,36.988984519230485,704.6952587460446
2021-10-19 09:03:00+00:00,868,87.92793138740188,26.2,334.2172889217994
2021-10-19 09:06:00+00:00,815,94.68760368717616,31.313043432632455,307.416198903988
2021-10-19 09:09:00+00:00,762,67.44380184358809,25.95,259.56960112814573
2021-10-19 09:12:00+00:00,498,40.2,32.68062553007315,724.7913824264352
2021-10-19 09:15:00+00:00,612,98.89924949867383,37.16320217438408,161.4
2021-10-19 09:18:00+00:00,700,88.88986404508775,39.3541049784452,289.15094715412215
2021-10-19 09:21:00+00:00,684,63.51993202254387,36.40130779047692,510.3612602027008
2021-10-19 09:24:00+00:00,667,38.15,33.448510602508634,252.54869157261896
2021-10-19 09:27:00+00:00,651,37.15,30.495713414540354,282.50072110769304
2021-10-19 09:30:00+00:00,629,68.77236403623638,30.995495726054337,461.8818497844418
2021-10-19 09:33:00+00:00,567,74.72427521818668,31.495278037568315,237.97767787721082
2021-10-19 09:36:00+00:00,505,79.24917929180121,31.995060349082298,382.92925974903585
2021-10-19 09:39:00+00:00,442,83.77408336541575,27.549999999999997,336.379441617222
2021-10-19 09:42:00+00:00,795,88.29898743903027,36.6057446302022,223.1
2021-10-19 09:45:00+00:00,394,92.8238915126448,29.17398761872342,481.39278975348265
2021-10-19 09:48:00+00:00,537,90.23968864980719,27.9,295.8679540097607
2021-10-19 09:51:00+00:00,679,87.65548578696958,31.748107467988103,148.2701470347893
2021-10-19 09:54:00+00:00,780,85.07128292413196,32.897980754070765,267.2409366490674
2021-10-19 09:57:00+00:00,423,90.03686424518494,34.047854040153425,110.75
2021-10-19 10:00:00+00:00,676,95.00244556623792,34.01106959758235,583.0419400110931
2021-10-19 10:03:00+00:00,570,99.9680268872909,27.0,240.19055514645166
2021-10-19 10:06:00+00:00,657,66.98401344364545,38.23525875532884,98.85
2021-10-19 10:09:00+00:00,743,34.0,38.06036374836342,397.0413678385127
2021-10-19 10:12:00+00:00,678,34.55,37.88546874139801,454.6997484540633
2021-10-19 10:15:00+00:00,612,35.1,37.710573734432586,512.3581290696138
2021-10-19 10:18:00+00:00,635,35.35,37.535678727467165,632.0909611874681
2021-10-19 10:21:00+00:00,659,52.557631033062634,37.36078372050175,567.6755174668517
2021-10-19 10:24:00+00:00,682,69.76526206612526,37.18588871353633,621.3664540690257
2021-10-19 10:27:00+00:00,593,86.20430729392184,26.4,527.193105137982
2021-10-19 10:30:00+00:00,503,102.64335252171843,38.80344474558817,244.41556779136656
2021-10-19 10:33:00+00:00,414,101.8757014492711,21.168092640700298,292.3913219421818
2021-10-19 10:36:00+00:00,410,101.1080503768238,37.66320568510672,111.0
2021-10-19 10:39:00+00:00,410,35.7,30.86452426846607,496.42738683236524
2021-10-19 10:42:00+00:00,511,35.88333333333333,30.834518284172283,183.81520059414296
2021-10-19 10:45:00+00:00,611,36.06666666666667,30.8045122998785,175.23170502441633
2021-10-19 10:48:00+00:00,722,36.25,30.774506315584716,395.6023270476504
2021-10-19 10:51:00+00:00,832,102.24955488487791,30.74450033129093,743.8996678734121
2021-10-19 10:54:00+00:00,722,89.11710446979508,30.714494346997142,271.9
2021-10-19 10:57:00+00:00,752,78.5674567429626,30.68448836270336,27.74255960745846
2021-10-19 11:00:00+00:00,783,68.01780901613013,35.38331425497935,308.3675702432098
2021-10-19 11:03:00+00:00,814,36.0,36.17409252848331,409.25607216162894
2021-10-19 11:06:00+00:00,806,48.574965391185756,18.924167684806374,295.0454251001385
2021-10-19 11:09:00+00:00,799,61.149930782371506,26.9,242.58543811350208
2021-10-19 11:12:00+00:00,745,73.72489617355725,28.630191514217643,190.12545112686564
2021-10-19 11:15:00+00:00,692,86.29986156474301,30.360383028435283,568.3055012722929
2021-10-19 11:18:00+00:00,396,32.1,29.080191514217642,355.0527506361464
2021-10-19 11:21:00+00:00,711,49.479144677220084,27.8,141.79999999999998
2021-10-19 11:24:00+00:00,741,66.85828935444016,27.75,269.81137211270715
2021-10-19 11:27:00+00:00,772,84.23743403166026,32.24663216598135,274.9371086704534
2021-10-19 11:30:00+00:00,584,101.61657870888034,35.28100807929138,352.89358487341207
2021-10-19 11:33:00+00:00,397,73.54275746807906,38.315383992601404,158.2
2021-10-19 11:36:00+00:00,472,31.8,37.984515472743965,637.870337728797
2021-10-19 11:39:00+00:00,547,31.46666666666667,39.418585498709184,195.60151669511671
2021-10-19 11:42:00+00:00,621,31.2,28.4,169.8
2021-10-19 11:45:00+00:00,527,59.086554350225526,39.19236986139267,260.33049144811093
2021-10-19 11:48:00+00:00,578,86.97310870045106,28.566666666666666,236.3847569486301
2021-10-19 11:51:00+00:00,629,31.333333333333332,28.525,545.6157847821518
2021-10-19 11:54:00+00:00,681,77.6995828452885,28.483333333333334,291.9247067883689
2021-10-19 11:57:00+00:00,732,90.41681644595596,28.441666666666666,517.6892773071625
2021-10-19 12:00:00+00:00,773,31.5,28.4,81.2576251793048
2021-10-19 12:03:00+00:00,741,91.254676365506,33.9757162129934,652.3685829419172
2021-10-19 12:06:00+00:00,389,25.13298117639998,28.1,176.20000000000002
2021-10-19 12:09:00+00:00,725,43.98700224597164,28.25,178.2
2021-10-19 12:12:00+00:00,621,62.84102331554329,30.834593091367207,364.7485751908784
2021-10-19 12:15:00+00:00,516,81.69504438511494,33.419186182734414,512.9475956925878
2021-10-19 12:18:00+00:00,552,84.4474071340106,36.00377927410162,277.0328473552429
2021-10-19 12:21:00+00:00,589,87.19976988290627,28.2,312.2476754115674
2021-10-19 12:24:00+00:00,626,86.9502469087426,38.90724549551754,347.4625034678919
2021-10-19 12:27:00+00:00,383,86.70072393457892,37.6986733435957,460.34901062008277
2021-10-19 12:30:00+00:00,725,86.45120096041525,34.613843470910666,573.2355177722736
2021-10-19 12:33:00+00:00,795,68.0674673069435,27.6,179.83333333333334
2021-10-19 12:36:00+00:00,588,49.68373365347175,27.65,304.67369343681247
2021-10-19 12:39:00+00:00,380,31.299999999999997,27.7,429.51405354029157
2021-10-19 12:42:00+00:00,571,31.016666666666666,28.125,276.0540756200039
2021-10-19 12:45:00+00:00,711,30.733333333333334,28.55,490.2081426826984
2021-10-19 12:48:00+00:00,349,30.450000000000003,33.50163651652232,328.18171956113406
2021-10-19 12:51:00+00:00,634,21.79551241371815,33.320721130604014,222.6394176994081
2021-10-19 12:54:00+00:00,644,65.37483271390164,33.13980574468572,246.10170949063462
2021-10-19 12:57:00+00:00,654,71.12453091184705,27.35,480.88811735882155
2021-10-19 13:00:00+00:00,664,76.2492917349412,36.09795350838849,635.5557343062127
2021-10-19 13:03:00+00:00,398,81.37405255803533,25.470784021761375,280.0991982623812
2021-10-19 13:06:00+00:00,481,86.49881338112948,27.62490889594427,326.2980688212292
2021-10-19 13:09:00+00:00,564,78.55882902274547,29.779033770127164,380.0578255102172
2021-10-19 13:12:00+00:00,753,70.61884466436146,31.933158644310055,186.0
2021-10-19 13:15:00+00:00,678,53.08442233218073,34.08728351849295,597.1885860121916
2021-10-19 13:18:00+00:00,602,35.55,36.241408392675844,624.4190317162178
2021-10-19 13:21:00+00:00,527,61.02129111980277,31.711419401038313,581.1404371397806
2021-10-19 13:24:00+00:00,422,86.49258223960554,29.905709700519157,324.66022928247287
2021-10-19 13:27:00+00:00,639,62.37114535919247,28.1,331.69133192846937
2021-10-19 13:30:00+00:00,727,71.8290010359448,37.469839535679526,81.3
2021-10-19 13:33:00+00:00,828,81.28685671269713,38.751533447793115,661.3228919029293
2021-10-19 13:36:00+00:00,689,90.74471238944948,32.99087646536614,667.0223102207087
2021-10-19 13:39:00+00:00,544,100.2025680662018,33.537942487790396,344.95518870417277
2021-10-19 13:42:00+00:00,399,38.6,34.08500851021465,598.9072005200896
2021-10-19 13:45:00+00:00,410,80.80340601761719,34.6320745326389,492.2461199811656
2021-10-19 13:48:00+00:00,422,69.28783588122717,36.47994930674679,424.51394647177176
2021-10-19 13:51:00+00:00,567,58.65855725415145,34.626311101359214,323.7001504213218
2021-10-19 13:54:00+00:00,711,48.029278627075726,36.02102817675994,81.375
2021-10-19 13:57:00+00:00,408,37.4,37.41574525216066,57.43333333333334
2021-10-19 14:00:00+00:00,629,37.875,38.81046232756139,237.44782516819103
2021-10-19 14:03:00+00:00,661,38.349999999999994,30.782904249161454,162.10928816471485
2021-10-19 14:06:00+00:00,676,38.824999999999996,22.755346170761516,423.9939549315346
2021-10-19 14:09:00+00:00,777,39.3,29.087394675926824,478.5379656270295
2021-10-19 14:12:00+00:00,400,98.49197161727747,35.41944318109213,479.61931848078984
2021-10-19 14:15:00+00:00,736,90.28773771248949,31.662962120728086,253.97527320331085
2021-10-19 14:18:00+00:00,416,77.86580328436712,27.90648106036404,41.8
2021-10-19 14:21:00+00:00,553,65.44386885624475,24.15,278.7910386610995
2021-10-19 14:24:00+00:00,690,53.02193442812237,36.57966444296008,552.822181418721
2021-10-19 14:27:00+00:00,726,40.6,37.5511568440887,165.79108416240024
2021-10-19 14:30:00+00:00,761,57.69617740895646,35.42399246737972,33.199999999999996
2021-10-19 14:33:00+00:00,796,74.79235481791291,33.296828090670736,329.2485760227524
2021-10-19 14:36:00+00:00,763,91.88853222686936,31.16966371396175,534.884111901463
2021-10-19 14:39:00+00:00,762,78.91462593993514,31.294060612042383,58.0
2021-10-19 14:42:00+00:00,790,78.2621955283546,29.527536023643464,390.8337605979603
2021-10-19 14:45:00+00:00,817,77.60976511677407,37.21400861988352,317.8442000975842
2021-10-19 14:48:00+00:00,845,32.30568265417319,35.0378621502629,244.85463959720803
2021-10-19 14:51:00+00:00,410,38.57784132708659,32.861715680642284,221.55125485374842
2021-10-19 14:54:00+00:00,546,44.849999999999994,30.685569211021665,42.2
2021-10-19 14:57:00+00:00,700,40.13295570933508,28.509422741401046,370.8455883522833
2021-10-19 15:00:00+00:00,854,35.41591141867016,26.333276271780427,394.0506444169773
2021-10-19 15:03:00+00:00,773,49.55729149390399,22.15,98.45
2021-10-19 15:06:00+00:00,691,63.698671569137815,27.40575195038513,70.775
2021-10-19 15:09:00+00:00,424,77.84005164437164,32.66150390077026,43.1
2021-10-19 15:12:00+00:00,633,91.98143171960547,37.917255851155396,668.946564424128
2021-10-19 15:15:00+00:00,422,84.7939456008189,34.998950741816785,43.1
2021-10-19 15:18:00+00:00,737,78.89753104157293,32.08064563247818,491.7699061281833
2021-10-19 15:21:00+00:00,748,61.604738888483645,39.60997273007979,421.4705149631174
2021-10-19 15:24:00+00:00,759,73.63785768233714,33.732204530477105,451.18007224601627
2021-10-19 15:27:00+00:00,770,74.9893362507248,22.7,15.339779280854186
2021-10-19 15:30:00+00:00,581,76.34081481911247,27.739173899027577,251.6765906074019
2021-10-19 15:33:00+00:00,655,61.370407409556236,32.77834779805516,206.5270629155772
2021-10-19 15:36:00+00:00,728,46.4,27.781097268654676,361.0252441672992
2021-10-19 15:39:00+00:00,774,70.97152955559046,22.78384673925419,553.1545993138185
2021-10-19 15:42:00+00:00,672,95.54305911118094,26.39510985556879,62.150000000000006
2021-10-19 15:45:00+00:00,828,45.0,30.00637297188339,428.3397829310487
2021-10-19 15:48:00+00:00,791,34.960896986026334,33.61763608819799,58.4
2021-10-19 15:51:00+00:00,753,24.92179397205267,33.61020023856905,54.5
2021-10-19 15:54:00+00:00,782,45.25,33.226399514746035,402.62800726381283
2021-10-19 15:57:00+00:00,424,81.55644680542547,36.40806313533503,298.56019706868125
2021-10-19 16:00:00+00:00,604,88.73926678247122,39.58972675592401,367.2786869312936
2021-10-19 16:03:00+00:00,541,95.92208675951696,25.310316816320285,638.1949281759372
2021-10-19 16:06:00+00:00,479,98.95685968282271,39.83927302985826,194.8034832593424
2021-10-19 16:09:00+00:00,416,100.42715563462664,34.036181953478845,539.8323893467541
2021-10-19 16:12:00+00:00,573,101.89745158643059,28.23309087709942,585.3421426818835
2021-10-19 16:15:00+00:00,522,45.7,32.9088423205247,264.74071435805473
2021-10-19 16:18:00+00:00,472,53.31141718901372,37.58459376394997,265.5803813234452
2021-10-19 16:21:00+00:00,421,60.92283437802744,37.51201002307984,494.6306609881625
2021-10-19 16:24:00+00:00,422,68.53425156704115,37.439426282209716,382.20076625593924
2021-10-19 16:27:00+00:00,422,85.26411822381658,37.36684254133959,183.3879035344722
2021-10-19 16:30:00+00:00,423,66.38205911190829,22.85,221.98286058952783
2021-10-19 16:33:00+00:00,424,47.5,32.20143093646087,529.6822165541016
2021-10-19 16:36:00+00:00,606,65.59659995712441,22.53333333333333,379.59153504175293
2021-10-19 16:39:00+00:00,419,48.1,24.97338128490259,498.99590614040454
2021-10-19 16:42:00+00:00,712,82.19961730822375,27.41342923647185,524.772393242914
2021-10-19 16:45:00+00:00,729,48.46666666666667,29.853477188041108,550.5488803454233
2021-10-19 16:48:00+00:00,746,71.44022888136162,34.60019022795242,600.8376456336682
2021-10-19 16:51:00+00:00,763,84.88518557895632,39.34690326786372,206.01299093395522
2021-10-19 16:54:00+00:00,781,67.44259278947817,37.65701142980986,709.4435202460824
2021-10-19 16:57:00+00:00,621,50.0,35.967119591756,472.86366478095056
2021-10-19 17:00:00+00:00,674,55.38980922069181,29.465252789174077,663.3083344977708
2021-10-19 17:03:00+00:00,727,60.77961844138362,36.70841582736464,380.01031500822745
2021-10-19 17:06:00+00:00,780,52.333333333333336,28.124645061135073,167.82614390428725
2021-10-19 17:09:00+00:00,770,53.199999999999996,21.3,2.5656442930274337
2021-10-19 17:12:00+00:00,791,53.949999999999996,21.0,157.58693086467528
2021-10-19 17:15:00+00:00,719,54.7,27.968022400826047,5.1
2021-10-19 17:18:00+00:00,768,55.45,20.599999999999998,176.1778476424937
2021-10-19 17:21:00+00:00,817,56.2,32.33515580191744,287.96703563520384
2021-10-19 17:24:00+00:00,759,72.26134486640174,30.282464328026,399.756223627914
2021-10-19 17:27:00+00:00,729,88.32268973280348,35.11861307051921,511.4828384928491
2021-10-19 17:30:00+00:00,444,86.7627940288459,20.6,156.57136524316823
2021-10-19 17:33:00+00:00,445,85.20289832488831,31.093177545182687,413.4984814570644
2021-10-19 17:36:00+00:00,445,83.64300262093073,11.105927498733074,412.9255213912728
2021-10-19 17:39:00+00:00,446,103.1232257185056,28.63591040743297,384.62825066365707
2021-10-19 17:42:00+00:00,446,85.70711097413974,28.443523319153567,242.2836397894137
2021-10-19 17:45:00+00:00,447,57.9,28.251136230874167,0.0
2021-10-19 17:48:00+00:00,613,58.7,28.058749142594763,0.0
2021-10-19 17:51:00+00:00,780,59.03333333333333,27.86636205431536,195.5693818306658
2021-10-19 17:54:00+00:00,676,80.49158302530016,33.81748576114811,232.44806420737615
2021-10-19 17:57:00+00:00,702,101.94983271726699,29.493053371192904,205.81205992903784
2021-10-19 18:00:00+00:00,728,101.79382754714928,35.507368067421034,191.52262941908413
2021-10-19 18:03:00+00:00,454,102.47438241469902,38.69027872297173,357.6996406419773
2021-10-19 18:06:00+00:00,818,103.15493728224877,38.30034270674724,272.70659991980557
2021-10-19 18:09:00+00:00,789,103.83549214979851,37.91040669052274,0.0
2021-10-19 18:12:00+00:00,456,104.51604701734826,37.520470674298245,271.15373313461487
2021-10-19 18:15:00+00:00,669,60.0,20.4,542.3074662692297
2021-10-19 18:18:00+00:00,668,60.166666666666664,26.297197956827066,378.86203860263095
2021-10-19 18:21:00+00:00,785,60.333333333333336,32.194395913654134,305.26923354683004
2021-10-19 18:24:00+00:00,691,60.5,33.96177941361096,482.903920498862
2021-10-19 18:27:00+00:00,723,60.7,35.72916291356779,612.410299498221
2021-10-19 18:30:00+00:00,756,60.81666666666667,34.67727640856526,333.4109805019829
2021-10-19 18:33:00+00:00,788,60.93333333333333,33.62538990356274,402.13989190328726
2021-10-19 18:36:00+00:00,869,61.05,35.12327666050474,441.4812771709705
2021-10-19 18:39:00+00:00,813,61.7,36.621163417446745,0.0
2021-10-19 18:42:00+00:00,554,61.766666666666666,38.11905017438875,113.69723031952324
2021-10-19 18:45:00+00:00,857,61.833333333333336,35.085860271989475,0.0
2021-10-19 18:48:00+00:00,812,61.9,32.052670369590196,125.7299425820928
2021-10-19 18:51:00+00:00,766,90.95400815418213,36.139697307244575,251.4598851641856
2021-10-19 18:54:00+00:00,752,62.36666666666667,23.49396434854489,458.8019757963533
2021-10-19 18:57:00+00:00,737,93.65639686955461,20.2,301.37540142428
2021-10-19 19:00:00+00:00,463,91.55962692314915,20.2,0.0
2021-10-19 19:03:00+00:00,691,89.46285697674368,28.351973694517103,609.9809722178104
2021-10-19 19:06:00+00:00,688,87.3660870303382,27.820658375840512,0.0
2021-10-19 19:09:00+00:00,831,85.26931708393275,23.985329187920257,0.0
2021-10-19 19:12:00+00:00,375,89.32506499289137,20.15,341.53186457453586
2021-10-19 19:15:00+00:00,406,63.0,34.271689482280664,490.18028598609527
2021-10-19 19:18:00+00:00,437,80.12013974167779,35.69630429516802,298.3949860859964
2021-10-19 19:21:00+00:00,468,85.77579837664103,36.02029332387718,788.7486304307076
2021-10-19 19:24:00+00:00,471,91.43145701160427,36.34428235258635,294.7265499906823
2021-10-19 19:27:00+00:00,473,95.93786977382685,27.561245700593023,432.1632274526881
2021-10-19 19:30:00+00:00,473,98.34350562076739,20.0,199.41673364915735
2021-10-19 19:33:00+00:00,669,100.74914146770794,39.02150606191019,484.8680026665844
2021-10-19 19:36:00+00:00,470,97.331173625263,37.18000322439027,275.9864761855208
2021-10-19 19:39:00+00:00,473,93.91320578281807,28.590001612195135,387.40882453822496
2021-10-19 19:42:00+00:00,590,87.83056462625446,20.0,0.0
2021-10-19 19:45:00+00:00,707,81.74792346969085,32.00287784551725,0.0
2021-10-19 19:48:00+00:00,824,75.66528231312722,19.933333333333334,0.0
2021-10-19 19:51:00+00:00,649,69.58264115656361,37.84301823102314,242.30272514602754
2021-10-19 19:54:00+00:00,474,63.5,33.45687578878413,0.0
2021-10-19 19:57:00+00:00,641,83.3000471854921,29.070733346545133,368.54835145159245
2021-10-19 20:00:00+00:00,809,103.10009437098421,30.51169614265142,295.2616909224171
2021-10-19 20:03:00+00:00,518,104.22401586737156,37.19101157650849,145.64958072569948
2021-10-19 20:06:00+00:00,497,87.04745140646406,28.545505788254243,239.17268031092954
2021-10-19 20:09:00+00:00,476,69.87088694555658,19.9,175.03115905356717
2021-10-19 20:12:00+00:00,478,52.694322484649085,30.52932852416599,110.88963779620478
2021-10-19 20:15:00+00:00,657,35.5177580237416,33.002739105512426,393.91750137793275
2021-10-19 20:18:00+00:00,653,57.18465884609255,35.47614968685886,363.27952016979407
2021-10-19 20:21:00+00:00,482,78.85155966844351,36.37420740174271,187.93816258741575
2021-10-19 20:24:00+00:00,834,100.51846049079445,26.766396597790685,248.56055925047227
2021-10-19 20:27:00+00:00,660,63.084153180379566,31.49245156323809,329.567796483632
2021-10-19 20:30:00+00:00,480,62.817076590189785,19.8,0.0
2021-10-19 20:33:00+00:00,859,62.55,28.18550234255598,0.0
2021-10-19 20:36:00+00:00,483,95.32291380895526,30.977118902801763,392.29066796162994
2021-10-19 20:39:00+00:00,484,103.26897132178195,27.234745935201175,0.0
2021-10-19 20:42:00+00:00,861,90.16976529779234,23.492372967600588,302.21301581138755
2021-10-19 20:45:00+00:00,485,77.07055927380274,19.75,419.9463686787529
2021-10-19 20:48:00+00:00,572,84.4917112316403,19.766666666666666,275.177227306477
2021-10-19 20:51:00+00:00,659,91.91286318947783,29.854968354831243,828.1349208948886
2021-10-19 20:54:00+00:00,747,61.849999999999994,31.182721113834866,244.58290927721
2021-10-19 20:57:00+00:00,493,75.00224683342073,32.51047387283849,360.4663578113743
2021-10-19 21:00:00+00:00,665,88.15449366684146,25.884257859569505,270.9227999148363
2021-10-19 21:03:00+00:00,838,87.13158152287508,28.49497378950958,181.37924201829824
2021-10-19 21:06:00+00:00,717,86.1086693789087,31.105689719449657,231.71815366125392
2021-10-19 21:09:00+00:00,725,77.80577958593913,19.8,741.9503393381631
2021-10-19 21:12:00+00:00,704,69.50288979296957,31.146374740300327,509.7584142941266
2021-10-19 21:15:00+00:00,682,61.20000000000001,34.448141059410176,535.4503014916532
2021-10-19 21:18:00+00:00,660,72.91146060368571,32.28600211507697,372.426386288855
2021-10-19 21:21:00+00:00,690,84.62292120737142,29.717924697378447,685.4347510629035
2021-10-19 21:24:00+00:00,766,96.33438181105713,32.96175716427608,352.9220426242857
2021-10-19 21:27:00+00:00,494,98.62874707314761,30.57791675549542,246.13360411247965
2021-10-19 21:30:00+00:00,492,79.9143735365738,28.19407634671476,139.3451656006736
2021-10-19 21:33:00+00:00,493,61.2,24.04703817335738,0.0
2021-10-19 21:36:00+00:00,507,61.0,19.9,302.79248711145647
2021-10-19 21:39:00+00:00,521,61.05,30.395201406184572,300.80420278263404
2021-10-19 21:42:00+00:00,688,61.1,29.917581255239906,0.0
2021-10-19 21:45:00+00:00,855,61.05,29.439961104295243,155.94639752614648
2021-10-19 21:48:00+00:00,598,61.0,28.962340953350576,355.71665893486414
2021-10-19 21:51:00+00:00,759,54.370292857415166,27.616372838769045,582.9923486731832
2021-10-19 21:54:00+00:00,737,47.74058571483033,26.27040472418751,237.08745044183723
2021-10-19 21:57:00+00:00,734,41.1108785722455,33.855377326572096,0.0
2021-10-19 22:00:00+00:00,731,34.48117142966066,35.00686385020711,550.6510837552402
2021-10-19 22:03:00+00:00,728,57.911649732238814,19.9,206.2501971600682
2021-10-19 22:06:00+00:00,725,81.34212803481697,27.934585010314734,274.58536601473526
2021-10-19 22:09:00+00:00,775,104.77260633739513,30.15791331505901,144.42234425931144
2021-10-19 22:12:00+00:00,852,82.9196365020309,25.50703544241476,215.9616676044268
2021-10-19 22:15:00+00:00,681,61.06666666666666,36.4736622688701,0.0
2021-10-19 22:18:00+00:00,737,61.1,37.94349343754121,240.83243659440149
2021-10-19 22:21:00+00:00,748,81.04534896356242,32.61630052676641,260.6765886325979
2021-10-19 22:24:00+00:00,760,100.99069792712484,27.289107615991604,280.5207406707943
2021-10-19 22:27:00+00:00,772,61.05,32.19825286176541,140.26037033539714
2021-10-19 22:30:00+00:00,784,80.30404541174877,37.10739810753921,0.0
2021-10-19 22:33:00+00:00,503,99.55809082349757,27.255384799595564,133.34125941520492
2021-10-19 22:36:00+00:00,539,93.19520631447192,13.22731186418788,378.3510381098634
2021-10-19 22:39:00+00:00,832,86.83232180544627,19.8,129.30618187707523
2021-10-19 22:42:00+00:00,763,73.89116090272313,23.734052009626957,122.19321807813617
2021-10-19 22:45:00+00:00,694,60.95,27.66810401925391,115.08025427919712
2021-10-19 22:48:00+00:00,773,83.15729010049309,19.8,199.24930521500505
2021-10-19 22:51:00+00:00,852,71.90364505024655,34.82863814786735,0.0
2021-10-19 22:54:00+00:00,738,60.650000000000006,30.72883159481208,431.009381434405
2021-10-19 22:57:00+00:00,623,78.26713144299252,26.629025041756805,0.0
2021-10-19 23:00:00+00:00,509,86.61089745006126,28.119798322019633,239.02945511800613
2021-10-19 23:03:00+00:00,808,94.95466345712998,27.587636478901473,0.0
2021-10-19 23:06:00+00:00,761,89.16221954760832,26.296411464883878,142.5906153480286
2021-10-19 23:09:00+00:00,695,83.36977563808665,27.79448029265967,359.36647852461647
2021-10-19 23:12:00+00:00,791,77.57733172856499,35.065599701429576,460.4147482872096
2021-10-19 23:15:00+00:00,795,71.78488781904333,31.340863252238137,0.0
2021-10-19 23:18:00+00:00,762,65.99244390952167,27.6161268030467,0.0
2021-10-19 23:21:00+00:00,730,60.2,19.9,230.6167111529458
2021-10-19 23:24:00+00:00,698,69.47960723115793,19.9,194.049208471503
2021-10-19 23:27:00+00:00,694,78.75921446231587,19.9,153.84483121429662
2021-10-19 23:30:00+00:00,681,88.03882169347379,19.9,127.55355263902838
2021-10-19 23:33:00+00:00,669,89.60875919289654,35.919322362230474,186.85552796709803
2021-10-19 23:36:00+00:00,656,91.17869669231928,24.227190545843456,229.41846867190816
2021-10-19 23:39:00+00:00,644,92.74863419174201,34.502009122894044,562.9466467255136
2021-10-19 23:42:00+00:00,787,94.31857169116476,19.9,704.6104198096333
2021-10-19 23:45:00+00:00,846,95.43676704462422,37.26074365974849,150.4375984756277
2021-10-19 23:48:00+00:00,591,59.79999999999999,29.991258469942164,547.1856049932082
2021-10-19 23:51:00+00:00,521,59.8,30.442571516156622,140.06854191446337
2021-10-19 23:54:00+00:00,521,102.72342993021752,32.797406419720986,222.45519235671048
2021-10-19 23:57:00+00:00,521,59.8,32.54521246955031,354.512102155759
2021-10-20 00:00:00+00:00,833,59.7,32.293018519379636,207.98727904034814
2021-10-20 00:03:00+00:00,793,103.47133611565691,32.04082456920896,426.7628194517333
2021-10-20 00:06:00+00:00,752,95.26657623622555,30.01068870291636,222.91474725400434
2021-10-20 00:09:00+00:00,712,87.06181635679418,27.98055283662376,250.46294327393494
2021-10-20 00:12:00+00:00,671,73.23090817839709,19.9,534.285385418635
2021-10-20 00:15:00+00:00,630,59.4,19.9,0.0
2021-10-20 00:18:00+00:00,590,59.63333333333333,39.68416897146817,400.8147285855279
2021-10-20 00:21:00+00:00,499,51.153066052690754,19.9,453.1568157075044
2021-10-20 00:24:00+00:00,408,42.67279877204818,25.89381163888472,0.0
2021-10-20 00:27:00+00:00,530,34.1925314914056,22.89690581944236,315.56551313798485
2021-10-20 00:30:00+00:00,863,42.66168766093707,19.9,131.41875447403967
2021-10-20 00:33:00+00:00,823,51.130843830468535,26.158381680236612,0.0
2021-10-20 00:36:00+00:00,783,59.6,29.35014737090255,203.60135774358085
2021-10-20 00:39:00+00:00,744,66.15551874933682,32.541913061568486,157.99664762074673
2021-10-20 00:42:00+00:00,753,72.71103749867363,35.733678752234425,0.0
2021-10-20 00:45:00+00:00,643,59.349999999999994,38.925444442900364,504.1511389023046
2021-10-20 00:48:00+00:00,534,59.3,34.69683212266675,209.7923382413322
2021-10-20 00:51:00+00:00,668,59.25,30.468219802433126,328.5247698471821
2021-10-20 00:54:00+00:00,802,59.2,33.724909891276596,447.25720145303194
2021-10-20 00:57:00+00:00,849,59.150000000000006,34.75477797677047,228.06680370243964
2021-10-20 01:00:00+00:00,695,66.40301915134332,27.327388988385234,257.4776872725275
2021-10-20 01:03:00+00:00,540,73.65603830268664,19.9,0.0
2021-10-20 01:06:00+00:00,563,80.90905745402995,33.076084796335365,148.03435475726488
2021-10-20 01:09:00+00:00,586,88.92893848261293,27.493019247396802,0.0
2021-10-20 01:12:00+00:00,609,96.94881951119594,25.028679498264534,0.0
2021-10-20 01:15:00+00:00,632,104.96870053977892,22.56433974913227,420.52890702838414
2021-10-20 01:18:00+00:00,655,68.15198322036663,20.1,192.43729921877352
2021-10-20 01:21:00+00:00,678,65.05132214691109,32.42429951299022,314.6883461122392
2021-10-20 01:24:00+00:00,770,61.95066107345554,20.0,141.14319260020784
2021-10-20 01:27:00+00:00,765,58.849999999999994,25.8746046368465,204.87051434307173
2021-10-20 01:30:00+00:00,759,65.75273347964773,31.749209273692994,213.71687023639797
2021-10-20 01:33:00+00:00,547,72.65546695929545,37.99933193539272,449.6558890449945
2021-10-20 01:36:00+00:00,844,79.55820043894319,27.186180135916747,494.56717785740176
2021-10-20 01:39:00+00:00,707,58.45,29.755821859083458,616.7923631099508
2021-10-20 01:42:00+00:00,817,99.78423040807164,32.32546358225017,495.1218714870711
2021-10-20 01:45:00+00:00,548,100.78763512332087,34.895105305416884,202.22105971093762
2021-10-20 01:48:00+00:00,657,99.0491122734587,36.859163587147954,463.5845541757418
2021-10-20 01:51:00+00:00,766,97.31058942359655,38.364477801911775,287.5449952971414
2021-10-20 01:54:00+00:00,553,95.57206657373439,39.8697920166756,420.790713690283
2021-10-20 01:57:00+00:00,590,93.83354372387222,34.8059910678385,472.7852333151717
2021-10-20 02:00:00+00:00,627,93.59995094775752,29.88320944706949,0.0
2021-10-20 02:03:00+00:00,660,93.3663581716428,24.960427826300478,211.02329413506962
2021-10-20 02:06:00+00:00,729,93.1327653955281,23.72032086972536,0.0
2021-10-20 02:09:00+00:00,798,57.699999999999996,22.480213913150237,833.201875500834
2021-10-20 02:12:00+00:00,868,87.44322213858773,21.24010695657512,0.0
2021-10-20 02:15:00+00:00,846,57.2,20.0,271.09477070879643
2021-10-20 02:18:00+00:00,825,61.61863231148162,28.53425641289172,0.0
2021-10-20 02:21:00+00:00,804,66.03726462296324,19.9,0.0
2021-10-20 02:24:00+00:00,782,70.45589693444484,30.630243830790715,852.2519937114629
2021-10-20 02:27:00+00:00,761,74.87452924592645,30.458950570430577,239.13891640471766
2021-10-20 02:30:00+00:00,782,79.29316155740807,30.287657310070443,258.7383650782288
2021-10-20 02:33:00+00:00,803,83.71179386888969,30.116364049710306,744.4473102921874
2021-10-20 02:36:00+00:00,781,86.8982383377504,29.94507078935017,281.4112049149292
2021-10-20 02:39:00+00:00,758,85.98986646785934,29.773777528990035,408.8266841772492
2021-10-20 02:42:00+00:00,747,85.0814945979683,29.602484268629897,571.4546034505156
2021-10-20 02:45:00+00:00,475,94.81853866330589,33.66519696692715,0.0
2021-10-20 02:48:00+00:00,718,104.55558272864347,36.043562052310044,385.3157046109831
2021-10-20 02:51:00+00:00,783,56.25,38.42192713769294,0.0
2021-10-20 02:54:00+00:00,380,73.65414643569643,34.66551999354984,158.50281576206825
2021-10-20 02:57:00+00:00,475,55.95,30.90911284940675,444.073351921915
2021-10-20 03:00:00+00:00,571,95.81448558931794,24.608619480159366,198.5846711853031
2021-10-20 03:03:00+00:00,574,55.8,19.9,0.0
2021-10-20 03:06:00+00:00,821,69.1435798737314,35.92885578319729,185.8228814973079
2021-10-20 03:09:00+00:00,822,82.4871597474628,35.71963288898648,210.22619581337628
2021-10-20 03:12:00+00:00,431,95.8307396211942,35.510409994775664,733.585022181882
2021-10-20 03:15:00+00:00,825,75.59870314393044,27.755204997387832,276.8236086546721
2021-10-20 03:18:00+00:00,578,55.36666666666667,20.0,260.96207606900845
2021-10-20 03:21:00+00:00,652,70.56942290485372,20.0,200.33630439728228
2021-10-20 03:24:00+00:00,726,85.77217914304079,36.133039125329844,234.98012044357438
2021-10-20 03:27:00+00:00,788,94.99643661070017,34.8520379688386,0.0
2021-10-20 03:30:00+00:00,850,104.22069407835956,19.9,160.80917156249453
2021-10-20 03:33:00+00:00,709,101.6664577211847,33.58910742323454,0.0
2021-10-20 03:36:00+00:00,782,99.11222136400986,32.30036110195424,0.0
2021-10-20 03:39:00+00:00,774,96.557985006835,32.85317022793184,0.0
2021-10-20 03:42:00+00:00,583,83.83285328288659,26.37658511396592,0.0
2021-10-20 03:45:00+00:00,646,78.12628262630928,19.9,452.6107327748846
2021-10-20 03:48:00+00:00,708,72.41971196973195,28.334568514242164,548.5314441739165
2021-10-20 03:51:00+00:00,709,66.71314131315464,34.2020309942883,0.0
2021-10-20 03:54:00+00:00,710,61.00657065657732,30.879075647694407,0.0
2021-10-20 03:57:00+00:00,711,55.3,25.422871157180538,0.0
2021-10-20 04:00:00+00:00,711,88.9797781369683,19.966666666666665,349.0818767724243
2021-10-20 04:03:00+00:00,712,54.95,28.04697231859518,0.0
2021-10-20 04:06:00+00:00,713,63.49908255761717,29.98458912008995,301.0375147042063
2021-10-20 04:09:00+00:00,714,72.04816511523434,31.448706537340176,176.15603693266394
2021-10-20 04:12:00+00:00,715,80.59724767285151,32.9128239545904,88.07801846633197
2021-10-20 04:15:00+00:00,715,89.14633023046868,30.117113392653945,0.0
2021-10-20 04:18:00+00:00,667,97.69541278808585,27.32140283071749,256.105202604894
2021-10-20 04:21:00+00:00,633,100.7568954179919,23.610701415358744,344.9364033272302
2021-10-20 04:24:00+00:00,598,95.97118976870553,19.9,232.11273074332095
2021-10-20 04:27:00+00:00,722,91.18548411941917,29.098312090005365,119.28905815941168
2021-10-20 04:30:00+00:00,846,95.78022960335795,38.29662418001073,0.0
2021-10-20 04:33:00+00:00,850,100.37497508729672,20.0,0.0
2021-10-20 04:36:00+00:00,855,104.9697205712355,15.194185574516428,0.0
2021-10-20 04:39:00+00:00,860,97.37499692724556,29.700052587398773,130.6158023271961
2021-10-20 04:42:00+00:00,602,89.78027328325562,30.834979876381293,160.8913987529925
2021-10-20 04:45:00+00:00,648,71.84013664162781,32.93616808355894,128.75213682568176
2021-10-20 04:48:00+00:00,694,53.9,20.0,417.5023135993488
2021-10-20 04:51:00+00:00,733,67.33236601357625,32.502158872861244,0.0
2021-10-20 04:54:00+00:00,714,80.76473202715249,39.04487407009017,0.0
2021-10-20 04:57:00+00:00,697,91.23242946385092,31.232415422556056,571.7560763853555
2021-10-20 05:00:00+00:00,728,53.76666666666667,20.0,278.6619157181327
2021-10-20 05:03:00+00:00,759,104.20942454861945,19.9,575.3724164104196
2021-10-20 05:06:00+00:00,791,93.47192517505816,36.79485076393811,0.0
2021-10-20 05:09:00+00:00,822,82.73442580149687,32.42675039234817,129.0414656235869
2021-10-20 05:12:00+00:00,817,69.28197749800489,20.0,0.0
2021-10-20 05:15:00+00:00,812,55.82952919451292,19.933333333333334,616.9199652867816
2021-10-20 05:18:00+00:00,612,84.2554547056136,36.9782614140984,511.14504194321256
2021-10-20 05:21:00+00:00,665,86.79799522010792,35.247055742111954,368.7830792193757
2021-10-20 05:24:00+00:00,718,89.34053573460226,33.51585007012551,0.0
2021-10-20 05:27:00+00:00,857,91.88307624909658,26.757925035062755,0.0
2021-10-20 05:30:00+00:00,851,53.6,20.0,0.0
2021-10-20 05:33:00+00:00,844,53.35,35.036617791995525,0.0
2021-10-20 05:36:00+00:00,837,53.1,34.21676386107997,0.0
2021-10-20 05:39:00+00:00,831,67.64758040582977,38.957406501103684,0.0
2021-10-20 05:42:00+00:00,620,82.19516081165955,32.65493766740246,0.0
2021-10-20 05:45:00+00:00,643,96.74274121748931,26.35246883370123,108.16099995332675
2021-10-20 05:48:00+00:00,666,92.99389021322811,20.05,328.1699510301475
2021-10-20 05:51:00+00:00,644,89.24503920896693,20.0,244.10434350780173
2021-10-20 05:54:00+00:00,621,85.49618820470573,29.190612652420608,160.038735985456
2021-10-20 05:57:00+00:00,623,71.66387972459655,20.0,0.0
2021-10-20 06:00:00+00:00,625,98.7821770125992,20.0,183.81006785444924
2021-10-20 06:03:00+00:00,627,81.59711846839716,26.29488087261827,414.8271041124226
2021-10-20 06:06:00+00:00,677,64.41205992419512,32.58976174523654,744.3168817681662
2021-10-20 06:09:00+00:00,696,47.22700137999308,33.631429694393084,0.0
2021-10-20 06:12:00+00:00,715,30.041942835791026,34.673097643549625,345.87146090911693
2021-10-20 06:15:00+00:00,628,79.32935716115291,35.71476559270617,142.5511867931065
2021-10-20 06:18:00+00:00,735,77.63571006411533,36.75643354186272,0.0
2021-10-20 06:21:00+00:00,842,75.94206296707773,19.924999999999997,124.82006003275347
2021-10-20 06:24:00+00:00,752,64.32103148353886,20.0,391.3926126284512
2021-10-20 06:27:00+00:00,693,52.7,20.246066091826915,0.0
2021-10-20 06:30:00+00:00,634,52.5,28.566024907037466,465.9105642766583
2021-10-20 06:33:00+00:00,835,52.5,36.885983722248014,651.2375765751116
2021-10-20 06:36:00+00:00,807,52.325,39.31427739422971,133.3478328589942
2021-10-20 06:39:00+00:00,779,52.15,29.707138697114857,365.09516682912107
2021-10-20 06:42:00+00:00,751,87.18961456367508,20.1,277.3846086521419
2021-10-20 06:45:00+00:00,723,52.2,16.857562114750245,402.88787416976766
2021-10-20 06:48:00+00:00,695,52.2,13.615124229500484,3.5
2021-10-20 06:51:00+00:00,758,87.00731443642705,32.372287893868595,633.6541517829437
2021-10-20 06:54:00+00:00,823,69.55365721821353,32.74876814009361,349.0285542207566
2021-10-20 06:57:00+00:00,793,52.1,33.125248386318624,6.6
2021-10-20 07:00:00+00:00,763,51.849999999999994,35.89886112998801,137.27284292909792
2021-10-20 07:03:00+00:00,733,53.28333333333333,30.44841617662634,403.0470950420167
2021-10-20 07:06:00+00:00,703,54.71666666666667,29.898941410948566,208.94854752100835
2021-10-20 07:09:00+00:00,673,56.150000000000006,29.702614351967767,14.850000000000001
2021-10-20 07:12:00+00:00,700,45.967044555592125,32.68289419072149,156.02172735824743
2021-10-20 07:15:00+00:00,727,35.78408911118425,25.491447095360748,464.2100983940938
2021-10-20 07:18:00+00:00,753,91.02143969083694,18.3,170.74947554541674
2021-10-20 07:21:00+00:00,780,58.05,14.114191223534021,485.2747368904659
2021-10-20 07:24:00+00:00,802,58.0,9.928382447068042,471.6431815791126
2021-10-20 07:27:00+00:00,824,104.26516550685457,29.800970229183946,458.0116262677593
2021-10-20 07:30:00+00:00,805,79.93258275342728,18.6,36.35
2021-10-20 07:33:00+00:00,809,55.6,19.1,261.45545480392786
2021-10-20 07:36:00+00:00,814,69.39729889261345,34.623985242358856,660.4264688571735
2021-10-20 07:39:00+00:00,699,83.1945977852269,19.55,746.7359684946283
2021-10-20 07:42:00+00:00,584,96.99189667784034,28.999599910578766,461.1231255654361
2021-10-20 07:45:00+00:00,648,95.81779367824026,38.44919982115753,284.14443572035657
2021-10-20 07:48:00+00:00,859,94.6436906786402,20.700000000000003,293.261818384941
2021-10-20 07:51:00+00:00,530,93.46958767904012,31.61388890864629,302.3792010495255
2021-10-20 07:54:00+00:00,589,69.19000626936945,30.59839879330918,168.3452097453081
2021-10-20 07:57:00+00:00,647,92.13477913645008,29.58290867797207,723.6311998521013
2021-10-20 08:00:00+00:00,837,97.92694780633755,31.27597856073807,546.8219893881575
2021-10-20 08:03:00+00:00,847,72.86347390316877,36.95397958888208,623.328776213651
2021-10-20 08:06:00+00:00,856,47.8,23.133333333333336,541.8570055980226
2021-10-20 08:09:00+00:00,866,47.83333333333333,30.379362371955402,460.38523498239425
2021-10-20 08:12:00+00:00,743,47.86666666666667,37.625391410577464,179.85547540364678
2021-10-20 08:15:00+00:00,620,47.9,37.83359882131455,741.4123000077288
2021-10-20 08:18:00+00:00,776,47.35,33.17966748597002,323.3144746551491
2021-10-20 08:21:00+00:00,746,102.22982847381844,32.423066506262465,227.89290221340798
2021-10-20 08:24:00+00:00,759,91.24386277905475,38.335161596612515,342.31608748058994
2021-10-20 08:27:00+00:00,772,80.25789708429107,30.687962728473963,385.00547200940673
2021-10-20 08:30:00+00:00,785,69.27193138952738,33.805649072852546,318.885218770425
2021-10-20 08:33:00+00:00,823,58.28596569476369,35.594288048225664,416.0425995804754
2021-10-20 08:36:00+00:00,862,47.3,37.382927023598775,422.4297409256569
2021-10-20 08:39:00+00:00,570,75.04545036293425,29.831968507135752,680.9545748452398
2021-10-20 08:42:00+00:00,702,102.7909007258685,30.903886996015643,458.2278099741396
2021-10-20 08:45:00+00:00,833,93.20784486367958,24.5,144.2
2021-10-20 08:48:00+00:00,722,83.62478900149068,24.9,433.33149032908227
2021-10-20 08:51:00+00:00,612,73.71314317824005,33.4402001989374,462.5492962196912
2021-10-20 08:54:00+00:00,580,44.9,25.7,127.63333333333333
2021-10-20 08:57:00+00:00,548,44.1,32.57766872432804,124.2
2021-10-20 09:00:00+00:00,516,102.31642857031511,27.776331609823078,334.22142500834246
2021-10-20 09:03:00+00:00,750,87.33732142773633,22.974994495318114,254.65067329392969
2021-10-20 09:06:00+00:00,691,72.35821428515756,18.17365738081315,369.994306739834
2021-10-20 09:09:00+00:00,706,57.379107142578775,37.60551221864012,602.688027576402
2021-10-20 09:12:00+00:00,721,42.4,25.45,104.99918930634315
2021-10-20 09:15:00+00:00,737,57.507580501121765,25.799999999999997,604.0609207542772
2021-10-20 09:18:00+00:00,745,72.61516100224354,25.849999999999998,219.01986649031304
2021-10-20 09:21:00+00:00,753,88.92845172728192,25.9,381.04340054511704
2021-10-20 09:24:00+00:00,605,70.80295124095734,29.42653158062367,543.066934599921
2021-10-20 09:27:00+00:00,697,38.55,32.95306316124734,146.26666666666668
2021-10-20 09:30:00+00:00,721,38.03333333333333,36.47959474187101,149.36666666666667
2021-10-20 09:33:00+00:00,444,37.516666666666666,34.07851927565116,596.7153745452697
2021-10-20 09:36:00+00:00,709,37.0,31.67744380943131,281.6837715774004
2021-10-20 09:39:00+00:00,435,48.25836341155811,31.273694595327367,303.22698116172074
2021-10-20 09:42:00+00:00,792,59.516726823116215,30.86994538122342,149.64999999999998
2021-10-20 09:45:00+00:00,615,70.77509023467432,30.466196167119477,325.514734219488
2021-10-20 09:48:00+00:00,439,36.9,37.92802112988935,393.6923493233629
2021-10-20 09:51:00+00:00,747,29.59072144388444,34.37985747724576,75.80000000000001
2021-10-20 09:54:00+00:00,757,22.28144288776888,34.678263832827064,415.19854009598816
2021-10-20 09:57:00+00:00,767,36.900000000000006,34.97667018840836,417.4725595029301
2021-10-20 10:00:00+00:00,778,96.74673081990063,35.27507654398967,141.35
2021-10-20 10:03:00+00:00,788,35.63333333333333,35.573482899570976,390.5923849948104
2021-10-20 10:06:00+00:00,798,73.03677219760345,31.236741449785487,441.235405323772
2021-10-20 10:09:00+00:00,426,65.83597706757769,26.9,166.4
2021-10-20 10:12:00+00:00,426,78.41658542270766,26.75,410.3508785186498
2021-10-20 10:15:00+00:00,421,75.51519287967457,32.69603152993374,173.5
2021-10-20 10:18:00+00:00,421,72.61380033664148,34.16958296156193,433.86197890415724
2021-10-20 10:21:00+00:00,422,69.71240779360839,35.64313439319012,326.857812107045
2021-10-20 10:24:00+00:00,422,100.97585897420228,27.55,83.30120295436734
2021-10-20 10:27:00+00:00,603,75.88921982930746,30.222860452694587,523.5908277323758
2021-10-20 10:30:00+00:00,618,34.15,32.89572090538917,511.4429630034054
2021-10-20 10:33:00+00:00,430,88.14195639424437,35.568581358083755,180.3
2021-10-20 10:36:00+00:00,743,67.94979234944834,37.52149724055602,182.5
2021-10-20 10:39:00+00:00,668,72.98826107378405,39.47441312302829,628.8236483488852
2021-10-20 10:42:00+00:00,682,87.0426872310311,27.95,588.1286466613403
2021-10-20 10:45:00+00:00,697,60.00467694884888,28.0,547.4336449737956
2021-10-20 10:48:00+00:00,693,32.96666666666667,28.05,293.4413818174113
2021-10-20 10:51:00+00:00,748,79.47323764047736,38.368459653163086,547.4679684052876
2021-10-20 10:54:00+00:00,742,85.00015495136313,39.7744855675125,186.5
2021-10-20 10:57:00+00:00,820,90.5270722622489,38.6602686868374,767.9320945796684
2021-10-20 11:00:00+00:00,723,61.11159879856979,28.1,303.4873465313178
2021-10-20 11:03:00+00:00,679,60.18543413943476,31.56767127181637,542.7209543990901
2021-10-20 11:06:00+00:00,635,45.99271706971738,28.45,602.5299239827574
2021-10-20 11:09:00+00:00,591,31.8,28.6,262.4380223162059
2021-10-20 11:12:00+00:00,547,31.933333333333334,36.191761610262134,249.16572705849362
2021-10-20 11:15:00+00:00,656,19.775646727788708,28.45,175.96666666666667
2021-10-20 11:18:00+00:00,626,84.56003687647632,29.870456529751205,425.69706135203495
2021-10-20 11:21:00+00:00,415,32.15,31.290913059502415,277.5559581325581
2021-10-20 11:24:00+00:00,685,66.63244086979155,32.71136958925362,421.92527218258886
2021-10-20 11:27:00+00:00,661,22.488833884959536,28.7,281.80252409618106
2021-10-20 11:30:00+00:00,412,28.192555923306358,29.893869544818163,309.250140049165
2021-10-20 11:33:00+00:00,791,33.89627796165318,31.087739089636322,193.14175178858343
2021-10-20 11:36:00+00:00,786,39.6,32.281608634454486,676.8693141007751
2021-10-20 11:39:00+00:00,759,37.69835298908284,33.47547817927265,317.51863634000404
2021-10-20 11:42:00+00:00,681,35.796705978165676,35.466105391895965,327.9033840759957
2021-10-20 11:45:00+00:00,740,33.89505896724852,37.456732604519274,83.69717047136429
2021-10-20 11:48:00+00:00,800,31.993411956331354,36.709678158061315,250.54252016489139
2021-10-20 11:51:00+00:00,859,39.2,35.96262371160336,503.85938725401456
2021-10-20 11:54:00+00:00,393,68.97583155499422,33.94009896928269,557.7964704539584
2021-10-20 11:57:00+00:00,676,53.637915777497106,31.917574226962014,845.9771697291377
2021-10-20 12:00:00+00:00,392,38.3,29.895049484641344,181.3
2021-10-20 12:03:00+00:00,394,96.67315181219429,27.87252474232067,340.4858452264058
2021-10-20 12:06:00+00:00,397,80.5346689877663,25.85,477.41418171784494
2021-10-20 12:09:00+00:00,399,89.71626713966428,26.15,251.69024124545527
2021-10-20 12:12:00+00:00,805,31.05,26.009731680526478,467.30662959107013
2021-10-20 12:15:00+00:00,601,30.25,25.86946336105296,532.0207832306271
2021-10-20 12:18:00+00:00,397,29.816666666666666,25.72919504157944,195.0
2021-10-20 12:21:00+00:00,864,29.383333333333333,25.588926722105924,258.2463872758489
2021-10-20 12:24:00+00:00,809,28.95,25.448658402632404,349.4563175956255
2021-10-20 12:27:00+00:00,754,70.76839699063541,25.308390083158887,284.0464784594065
2021-10-20 12:30:00+00:00,862,49.3091984953177,25.168121763685367,191.05
2021-10-20 12:33:00+00:00,707,27.85,30.39611099391503,294.2300713566588
2021-10-20 12:36:00+00:00,552,37.30372452941855,35.62410022414469,306.15434319019823
2021-10-20 12:39:00+00:00,806,46.757449058837096,34.499911934242405,359.1540589692462
2021-10-20 12:42:00+00:00,512,56.21117358825565,33.37572364434011,412.1537747482941
2021-10-20 12:45:00+00:00,773,104.40856106923718,29.049999999999997,174.13333333333333
2021-10-20 12:48:00+00:00,611,94.06256133683519,31.068807809227497,389.70226786470454
2021-10-20 12:51:00+00:00,720,91.95162237337411,33.087615618455,172.3
2021-10-20 12:54:00+00:00,618,89.84068340991303,35.1064234276825,471.6707677477563
2021-10-20 12:57:00+00:00,389,87.72974444645193,28.7,271.871973573078
2021-10-20 13:00:00+00:00,859,85.61880548299085,32.437835344837175,607.4454327581751
2021-10-20 13:03:00+00:00,712,56.959402741495424,36.17567068967435,176.2
2021-10-20 13:06:00+00:00,783,28.3,34.09766858447977,499.3459223100716
2021-10-20 13:09:00+00:00,854,101.50311596068295,32.01966647928519,629.1300957203179
2021-10-20 13:12:00+00:00,512,104.57046112305515,38.31489215578316,364.2254396327983
2021-10-20 13:15:00+00:00,619,79.24697408203677,38.03827033523524,309.58268154069276
2021-10-20 13:18:00+00:00,626,53.92348704101839,27.85,345.91660012089625
2021-10-20 13:21:00+00:00,633,28.6,31.569002409965293,535.3672467575325
2021-10-20 13:24:00+00:00,806,92.11330954226177,34.49698681769641,249.37666392523178
2021-10-20 13:27:00+00:00,390,77.40709065369512,37.424971225427534,268.24673045119516
2021-10-20 13:30:00+00:00,633,62.700871765128454,34.43542306691762,673.8597578886494
2021-10-20 13:33:00+00:00,626,64.01437405481178,37.07311375797216,762.710617471269
2021-10-20 13:36:00+00:00,620,65.32787634449512,39.95043563051822,166.5666666666667
2021-10-20 13:39:00+00:00,752,81.69472652274368,39.769938077883786,375.0543264503765
2021-10-20 13:42:00+00:00,775,98.06157670099223,38.59108402261769,80.00202881560996
2021-10-20 13:45:00+00:00,799,65.83078835049612,37.41222996735161,438.912143228923
2021-10-20 13:48:00+00:00,822,33.6,36.23337591208551,161.0
2021-10-20 13:51:00+00:00,846,49.035957682349704,34.87950426489708,368.0079740736647
2021-10-20 13:54:00+00:00,714,64.47191536469941,33.52563261770865,468.8659097540243
2021-10-20 13:57:00+00:00,710,76.9039211539612,33.62159720102234,316.18584975214634
2021-10-20 14:00:00+00:00,706,19.250981948138225,33.717561784336034,153.0
2021-10-20 14:03:00+00:00,619,33.166666666666664,31.563171338252026,284.95193860970295
2021-10-20 14:06:00+00:00,678,33.05833333333334,29.408780892168018,150.43333333333334
2021-10-20 14:09:00+00:00,737,32.95,27.25439044608401,341.6033114275541
2021-10-20 14:12:00+00:00,390,33.0,25.1,468.0974953781612
2021-10-20 14:15:00+00:00,542,90.02631649762783,30.028744858287773,370.71896748517094
2021-10-20 14:18:00+00:00,694,51.06100445404608,34.957489716575544,270.61475440271863
2021-10-20 14:21:00+00:00,856,77.94362402187055,25.25,62.99389925411057
2021-10-20 14:24:00+00:00,554,104.82624358969501,36.13638517820222,644.3381084442623
2021-10-20 14:27:00+00:00,599,86.86968269227125,35.996883249824506,420.4480372110222
2021-10-20 14:30:00+00:00,800,68.91312179484751,35.857381321446795,616.5081152944084
2021-10-20 14:33:00+00:00,556,50.956560897423756,35.71787939306908,311.599459053946
2021-10-20 14:36:00+00:00,529,33.0,26.120480526873067,527.7610468933977
2021-10-20 14:39:00+00:00,622,62.857152150921934,24.900000000000002,560.6444602469346
2021-10-20 14:42:00+00:00,715,92.71430430184387,24.25,496.10913195131974
2021-10-20 14:45:00+00:00,394,94.119982802664,23.6,585.1922411910178
2021-10-20 14:48:00+00:00,509,102.09806563496265,24.299999999999997,712.1325892809815
2021-10-20 14:51:00+00:00,624,85.82777691049313,34.97828734873867,414.6545715993923
2021-10-20 14:54:00+00:00,739,69.55748818602359,37.15346460427254,228.49378652778196
2021-10-20 14:57:00+00:00,744,51.553744093011794,39.32864185980641,797.5689575250399
2021-10-20 15:00:00+00:00,749,33.55,32.27919891002361,105.69999999999999
2021-10-20 15:03:00+00:00,753,33.9,25.229755960240805,696.6996737616286
2021-10-20 15:06:00+00:00,733,84.4490986731114,24.84821131345374,209.6634748384623
2021-10-20 15:09:00+00:00,713,88.88103849810432,24.46666666666667,247.8649260665734
2021-10-20 15:12:00+00:00,802,93.31297832309724,24.2,121.9
2021-10-20 15:15:00+00:00,709,94.20908789244834,26.53576766634022,232.90194574113357
2021-10-20 15:18:00+00:00,356,96.44175289394158,28.871535332680438,114.1
2021-10-20 15:21:00+00:00,523,98.67441789543484,31.20730299902066,113.69999999999999
2021-10-20 15:24:00+00:00,691,77.19271148484393,24.2,542.570629725627
2021-10-20 15:27:00+00:00,705,32.7,24.2,480.5731104824374
2021-10-20 15:30:00+00:00,720,32.7,27.116906218275986,418.57559123924784
2021-10-20 15:33:00+00:00,567,90.17617231666752,30.033812436551976,525.5928240583687
2021-10-20 15:36:00+00:00,415,87.35306103285426,32.950718654827966,158.6
2021-10-20 15:39:00+00:00,732,81.222213622278,35.86762487310395,148.75
2021-10-20 15:42:00+00:00,557,33.733333333333334,38.78453109137994,288.40348346691883
2021-10-20 15:45:00+00:00,630,75.81175656512232,30.549092724777466,389.7243535079012
2021-10-20 15:48:00+00:00,690,76.0665005285774,31.47407119467622,195.72659555036208
2021-10-20 15:51:00+00:00,551,102.50752422479498,32.399049664574974,381.8176297575723
2021-10-20 15:54:00+00:00,412,98.16699832633182,33.32402813447372,400.14328789962076
2021-10-20 15:57:00+00:00,406,93.82647242786867,34.249006604372475,418.46894604166926
2021-10-20 16:00:00+00:00,546,30.5,35.229403843244036,365.1865596665248
2021-10-20 16:03:00+00:00,686,75.57108249577144,36.2098010821156,523.3878532690044
2021-10-20 16:06:00+00:00,773,72.51412019309939,37.19019832098716,429.1075091406682
2021-10-20 16:09:00+00:00,568,69.45715789042734,25.1,413.3101019373807
2021-10-20 16:12:00+00:00,363,30.85,34.075331391950336,240.59200562503614
2021-10-20 16:15:00+00:00,401,65.25447421462457,35.45260025780438,546.3646612737986
2021-10-20 16:18:00+00:00,582,99.65894842924911,34.34110298978918,332.9863102026036
2021-10-20 16:21:00+00:00,609,90.19367908588629,33.22960572177398,214.34990247425472
2021-10-20 16:24:00+00:00,623,31.0,32.09012926409159,456.9214780008278
2021-10-20 16:27:00+00:00,638,104.22102276571805,30.9506528064092,316.4484996339193
2021-10-20 16:30:00+00:00,344,31.25,29.811176348726807,247.09667442627563
2021-10-20 16:33:00+00:00,401,31.399999999999995,34.26289716416583,76.6
2021-10-20 16:36:00+00:00,613,64.14742318815159,24.8,264.0151437538936
2021-10-20 16:39:00+00:00,824,96.89484637630319,24.65,211.16054546319063
2021-10-20 16:42:00+00:00,745,101.16152978312566,24.5,368.4484557616642
2021-10-20 16:45:00+00:00,404,100.83468981383115,33.6490933546273,722.5111416575438
2021-10-20 16:48:00+00:00,404,100.50784984453662,31.776705486608897,255.0969326198731
2021-10-20 16:51:00+00:00,404,87.3662798756293,29.904317618590497,143.5420450259882
2021-10-20 16:54:00+00:00,614,74.22470990672197,36.79641688822677,138.49806865357056
2021-10-20 16:57:00+00:00,824,61.08313993781465,36.12492422953669,243.401884537939
2021-10-20 17:00:00+00:00,543,47.941569968907324,31.633282819691125,532.0558350985499
2021-10-20 17:03:00+00:00,499,34.8,27.141641409845562,154.11932174453898
2021-10-20 17:06:00+00:00,455,50.20096106486363,22.65,199.02623042878886
2021-10-20 17:09:00+00:00,410,65.60192212972726,22.866464495261006,656.4431139878855
2021-10-20 17:12:00+00:00,566,84.24834267810513,23.08292899052201,523.1788637799948
2021-10-20 17:15:00+00:00,411,102.89476322648302,21.9,283.21420478268965
2021-10-20 17:18:00+00:00,411,37.1,24.818431081973955,464.8357909640143
2021-10-20 17:21:00+00:00,769,67.05638427891269,27.736862163947908,333.3679358197159
2021-10-20 17:24:00+00:00,745,37.5,30.65529324592186,201.9000806754175
2021-10-20 17:27:00+00:00,722,58.21057948319535,33.57372432789582,112.0255385240734
2021-10-20 17:30:00+00:00,420,90.75723344774853,21.1,0.13333333333333333
2021-10-20 17:33:00+00:00,632,78.4679250858114,39.57422848225157,484.04475064275067
2021-10-20 17:36:00+00:00,729,66.17861672387427,29.987114241125784,0.0
2021-10-20 17:39:00+00:00,831,53.88930836193713,20.4,516.4289160857563
2021-10-20 17:42:00+00:00,791,41.6,20.2,406.2690582519013
2021-10-20 17:45:00+00:00,752,77.54578831327856,25.04150902504693,323.9752105561498
2021-10-20 17:48:00+00:00,712,80.79424697677601,34.217162302482514,499.3611257305331
2021-10-20 17:51:00+00:00,757,84.04270564027347,31.388421088630867,291.13210400008035
2021-10-20 17:54:00+00:00,801,43.7,19.65,615.316483591232
2021-10-20 17:57:00+00:00,619,70.1364605719782,19.7,496.4929784566056
2021-10-20 18:00:00+00:00,436,96.57292114395639,33.523210434323076,211.85551135176152
2021-10-20 18:03:00+00:00,437,97.00025025530316,33.44844216996421,0.0
2021-10-20 18:06:00+00:00,439,97.42757936664992,33.37367390560535,880.8812417068332
2021-10-20 18:09:00+00:00,802,69.56378968332496,33.298905641246485,224.0780868129411
2021-10-20 18:12:00+00:00,641,41.7,14.23358861108999,621.111478619406
2021-10-20 18:15:00+00:00,807,32.57387444465712,21.033333333333335,532.4408913177801
2021-10-20 18:18:00+00:00,743,23.447748889314248,21.2,443.7703040161542
2021-10-20 18:21:00+00:00,741,84.77853386241621,25.440629698735492,425.0262784629482
2021-10-20 18:24:00+00:00,739,81.40669738112372,20.9,365.9095221338891
2021-10-20 18:27:00+00:00,738,78.03486089983123,36.04078320369751,413.7396056192638
2021-10-20 18:30:00+00:00,736,101.54861263096147,36.641678411993745,215.91706799190115
2021-10-20 18:33:00+00:00,734,44.0,20.8,0.0
2021-10-20 18:36:00+00:00,732,44.225,22.4083151808161,405.0684675161352
2021-10-20 18:39:00+00:00,731,44.45,24.016630361632203,184.33076002828605
2021-10-20 18:42:00+00:00,698,44.8,25.6249455424483,181.85789440601766
2021-10-20 18:45:00+00:00,449,45.05,27.2332607232644,0.0
2021-10-20 18:48:00+00:00,742,98.84713166458438,28.841575904080504,0.0
2021-10-20 18:51:00+00:00,645,85.82284874843829,28.643439701072126,161.62454597847503
2021-10-20 18:54:00+00:00,548,72.79856583229218,28.44530349806375,119.24245555678405
2021-10-20 18:57:00+00:00,450,59.77428291614609,34.2812046796602,0.0
2021-10-20 19:00:00+00:00,488,46.75,34.786909296645476,0.0
2021-10-20 19:03:00+00:00,525,66.0308106253768,32.79175464197123,273.5665389963696
2021-10-20 19:06:00+00:00,562,47.13333333333333,20.5,0.0
2021-10-20 19:09:00+00:00,600,55.25356989203362,32.799393174189845,77.17018870682615
2021-10-20 19:12:00+00:00,637,63.373806450733895,20.4,154.3403774136523
2021-10-20 19:15:00+00:00,589,71.49404300943418,26.474024296830578,276.54108067839024
2021-10-20 19:18:00+00:00,752,75.78477758503647,32.54804859366116,332.5710393124892
2021-10-20 19:21:00+00:00,753,80.07551216063875,38.62207289049174,388.6009979465881
2021-10-20 19:24:00+00:00,807,48.8,38.978540097687684,509.0754633575751
2021-10-20 19:27:00+00:00,860,72.43332928851596,39.33500730488364,218.68696630366068
2021-10-20 19:30:00+00:00,663,76.4347177966926,39.69147451207959,411.2607159214138
2021-10-20 19:33:00+00:00,818,80.43610630486923,31.964790195026723,780.0682155426325
2021-10-20 19:36:00+00:00,801,84.43749481304586,24.238105877973855,0.0
2021-10-20 19:39:00+00:00,784,49.7,29.869653972009303,547.9678932374725
2021-10-20 19:42:00+00:00,767,63.02533686346945,31.13398638920853,0.0
2021-10-20 19:45:00+00:00,793,76.3506737269389,32.39831880640776,222.7405062233035
2021-10-20 19:48:00+00:00,463,63.37533686346944,33.662651223606986,421.0657558187776
2021-10-20 19:51:00+00:00,707,50.4,30.626488002906598,0.0
2021-10-20 19:54:00+00:00,462,76.95294369617343,26.69888131553837,421.19841891264946
2021-10-20 19:57:00+00:00,466,63.92647184808672,20.3,700.5462476580744
2021-10-20 20:00:00+00:00,464,50.9,24.13870652749257,604.1143798627143
2021-10-20 20:03:00+00:00,468,47.385842488072726,27.977413054985142,428.2363460230728
2021-10-20 20:06:00+00:00,835,43.87168497614546,31.81611958247771,626.5487623686423
2021-10-20 20:09:00+00:00,470,40.357527464218194,26.008059791238857,261.97526922225285
2021-10-20 20:12:00+00:00,750,36.84336995229092,20.2,487.87327794611866
2021-10-20 20:15:00+00:00,472,51.849999999999994,25.78621910721113,469.6104901969118
2021-10-20 20:18:00+00:00,606,52.025,34.756258496851046,451.347702447705
2021-10-20 20:21:00+00:00,739,52.2,20.2,280.9489976312397
2021-10-20 20:24:00+00:00,649,83.30384841155583,27.509342189027784,110.55029281477444
2021-10-20 20:27:00+00:00,798,52.475,37.85272033130951,270.45632586500284
2021-10-20 20:30:00+00:00,761,52.6875,37.22958764315139,227.47244821138676
2021-10-20 20:33:00+00:00,653,52.9,36.60645495499327,0.0
2021-10-20 20:36:00+00:00,686,96.61372317605554,39.95635502545222,286.07755189313815
2021-10-20 20:39:00+00:00,647,95.51721218141157,39.147820721083214,154.68441708901926
2021-10-20 20:42:00+00:00,820,94.42070118676759,38.3392864167142,475.22321694501227
2021-10-20 20:45:00+00:00,742,86.31656094941407,37.5307521123452,0.0
2021-10-20 20:48:00+00:00,794,78.21242071206055,36.72221780797619,149.81839453133654
2021-10-20 20:51:00+00:00,478,70.10828047470704,36.172948243508216,0.0
2021-10-20 20:54:00+00:00,729,62.00414023735352,35.623678679040246,562.0006637334883
2021-10-20 20:57:00+00:00,480,53.9,30.449119119360166,813.4794564553217
2021-10-20 21:00:00+00:00,484,79.66043889077262,25.274559559680085,641.3232771166655
2021-10-20 21:03:00+00:00,750,54.5,20.1,523.0492380479487
2021-10-20 21:06:00+00:00,707,54.6,22.938263172326987,156.74301296792947
2021-10-20 21:09:00+00:00,629,54.7,25.776526344653973,0.0
2021-10-20 21:12:00+00:00,550,69.9368987553733,28.61478951698096,265.3365510712957
2021-10-20 21:15:00+00:00,623,85.17379751074661,30.714470750693565,309.80877262002457
2021-10-20 21:18:00+00:00,697,54.93333333333334,32.814151984406166,90.01670528313393
2021-10-20 21:21:00+00:00,747,98.64582910614783,39.481412768073554,0.0
2021-10-20 21:24:00+00:00,796,95.87422932315711,33.858980526753946,244.5473250960323
2021-10-20 21:27:00+00:00,846,93.10262954016639,30.093738980721866,0.0
2021-10-20 21:30:00+00:00,839,90.33102975717568,25.046869490360933,194.30247864048928
2021-10-20 21:33:00+00:00,715,87.55942997418497,20.0,0.0
2021-10-20 21:36:00+00:00,591,84.78783019119425,30.654420451642814,449.9267859567978
2021-10-20 21:39:00+00:00,678,82.01623040820353,30.05532157549834,0.0
2021-10-20 21:42:00+00:00,766,87.01926551695155,39.548713623827986,750.5340108151084
2021-10-20 21:45:00+00:00,853,92.02230062569959,28.165100502546835,556.5111049861443
2021-10-20 21:48:00+00:00,817,82.98065168647656,20.0,0.0
2021-10-20 21:51:00+00:00,769,78.13146776911718,20.0,773.7758380772593
2021-10-20 21:54:00+00:00,720,73.28228385175781,20.0,223.97211590321345
2021-10-20 21:57:00+00:00,672,68.43309993439843,20.0,665.1683895422218
2021-10-20 22:00:00+00:00,706,63.58391601703905,20.0,496.98893568735247
2021-10-20 22:03:00+00:00,740,90.62388928755217,20.0,269.3118285354874
2021-10-20 22:06:00+00:00,604,98.4121462025816,20.0,277.32248019590975
2021-10-20 22:09:00+00:00,751,87.59717573108283,24.69949207081168,450.8341627037221
2021-10-20 22:12:00+00:00,751,34.29706558580723,29.39898414162336,0.0
2021-10-20 22:15:00+00:00,729,46.767898143095366,28.755472383831478,0.0
2021-10-20 22:18:00+00:00,765,59.23873070038349,30.482220671286505,0.0
2021-10-20 22:21:00+00:00,802,71.70956325767162,32.208968958741536,226.8921915428014
2021-10-20 22:24:00+00:00,765,84.18039581495975,35.0087432529971,315.14655815582563
2021-10-20 22:27:00+00:00,728,70.84019790747988,39.29777840002999,192.17832584788843
2021-10-20 22:30:00+00:00,691,57.5,35.71726674249798,0.0
2021-10-20 22:33:00+00:00,716,92.58409250355925,32.84526723043441,0.0
2021-10-20 22:36:00+00:00,675,57.6,30.96773061360498,146.7846368204854
2021-10-20 22:39:00+00:00,633,96.55343693548613,34.62477122023333,565.1451057573875
2021-10-20 22:42:00+00:00,592,58.166666666666664,31.873681324334605,485.2226242634063
2021-10-20 22:45:00+00:00,550,61.37836485437121,29.122591428435886,364.4421200025995
2021-10-20 22:48:00+00:00,509,64.59006304207577,20.0,437.77546498787535
2021-10-20 22:51:00+00:00,681,58.2,34.64065521189501,446.8670790474434
2021-10-20 22:54:00+00:00,853,58.333333333333336,17.662786367216192,567.5312190382688
2021-10-20 22:57:00+00:00,747,58.0,20.0,795.7945034772835
2021-10-20 23:00:00+00:00,513,66.1045205204314,34.205060735100076,184.42035536176405
2021-10-20 23:03:00+00:00,439,74.20904104086279,29.348446140681634,332.611743211276
2021-10-20 23:06:00+00:00,513,82.31356156129416,19.9,370.46144916614855
2021-10-20 23:09:00+00:00,868,90.41808208172556,38.10987252318468,232.93832237991688
2021-10-20 23:12:00+00:00,514,98.52260260215695,36.66595941440408,298.3291585889395
2021-10-20 23:15:00+00:00,679,58.20000000000001,28.249646373868707,580.4972615158194
2021-10-20 23:18:00+00:00,683,66.92246181671553,19.833333333333332,495.15579645484627
2021-10-20 23:21:00+00:00,687,75.64492363343105,22.598385543992613,449.11062106947935
2021-10-20 23:24:00+00:00,691,84.36738545014657,25.363437754651898,0.0
2021-10-20 23:27:00+00:00,696,93.08984726686208,28.12848996531118,235.37808139680084
2021-10-20 23:30:00+00:00,700,84.26738545014656,34.52604688271248,268.4543078489579
2021-10-20 23:33:00+00:00,704,75.44492363343105,38.967180140788656,0.0
2021-10-20 23:36:00+00:00,606,66.62246181671551,19.050587822384642,0.0
2021-10-20 23:39:00+00:00,719,57.8,36.81657917028439,493.9515929676532
2021-10-20 23:42:00+00:00,832,57.75,19.8,0.0
2021-10-20 23:45:00+00:00,730,57.7,26.8340684574908,322.38533805529556
2021-10-20 23:48:00+00:00,850,57.65,19.9,240.03331203182657
2021-10-20 23:51:00+00:00,744,57.6,29.107761368213964,476.8879839688089
2021-10-20 23:54:00+00:00,637,104.68601264016223,20.773437073145875,0.0
2021-10-20 23:57:00+00:00,530,81.09300632008112,36.23771352723264,871.9125333434946
2021-10-21 00:00:00+00:00,530,57.5,21.553035044785716,0.0
2021-10-21 00:03:00+00:00,529,73.00143744673542,39.56594113129797,227.0311240319097
2021-10-21 00:06:00+00:00,598,86.93507219445135,19.8,421.38170341848536
2021-10-21 00:09:00+00:00,668,100.86870694216728,19.8,560.9232285872024
2021-10-21 00:12:00+00:00,737,78.93435347108364,19.8,0.0
2021-10-21 00:15:00+00:00,534,57.0,39.28193872804088,0.0
2021-10-21 00:18:00+00:00,834,65.99106997227096,39.62580699386443,0.0
2021-10-21 00:21:00+00:00,536,74.98213994454191,39.96967525968798,0.0
2021-10-21 00:24:00+00:00,536,83.97320991681288,19.9,0.0
2021-10-21 00:27:00+00:00,537,85.82138130876952,39.343024235252706,0.0
2021-10-21 00:30:00+00:00,537,80.67453976841898,30.217760702568984,440.3860743137056
2021-10-21 00:33:00+00:00,580,32.24049305777319,19.8,392.8150714545842
2021-10-21 00:36:00+00:00,623,34.62760048814145,19.833333333333332,225.76420940125502
2021-10-21 00:39:00+00:00,738,68.80583276873205,19.8,308.4084639008942
2021-10-21 00:42:00+00:00,742,102.98406504932267,29.735677648051215,0.0
2021-10-21 00:45:00+00:00,542,101.05333285877077,39.671355296102426,218.20696956406226
2021-10-21 00:48:00+00:00,544,99.12260066821888,38.77121501191451,204.355415162832
2021-10-21 00:51:00+00:00,544,97.19186847766699,37.87107472772659,217.52162694715165
2021-10-21 00:54:00+00:00,546,89.6228502107368,36.97093444353866,0.0
2021-10-21 00:57:00+00:00,801,82.05383194380661,36.07079415935074,472.51289572144753
2021-10-21 01:00:00+00:00,657,79.78448573242646,35.17065387516282,540.0302907475668
2021-10-21 01:03:00+00:00,861,87.85030346198222,34.51029037503963,0.0
2021-10-21 01:06:00+00:00,705,95.916121191538,33.849926874916434,0.0
2021-10-21 01:09:00+00:00,549,103.98193892109376,23.915966571021446,139.76754781057463
2021-10-21 01:12:00+00:00,592,103.69406272750345,33.1891054580917,0.0
2021-10-21 01:15:00+00:00,635,103.40618653391314,39.099182446211145,206.0552852631654
2021-10-21 01:18:00+00:00,678,103.11831034032284,19.8,203.09191373041205
2021-10-21 01:21:00+00:00,721,97.08128578907191,26.678703247471933,0.0
2021-10-21 01:24:00+00:00,738,91.04426123782099,37.656273326703236,0.0
2021-10-21 01:27:00+00:00,863,85.00723668657007,36.86666122752008,433.46726991168146
2021-10-21 01:30:00+00:00,690,78.97021213531914,36.07704912833694,343.3770574206427
2021-10-21 01:33:00+00:00,706,72.93318758406822,35.287437029153786,332.2615960736797
2021-10-21 01:36:00+00:00,723,86.53701220425084,37.340047282046484,321.14613472671675
2021-10-21 01:39:00+00:00,802,100.14083682443346,39.392657534939175,815.8318063358868
2021-10-21 01:42:00+00:00,717,95.81967120728723,23.810284002391924,506.29626832090787
2021-10-21 01:45:00+00:00,693,95.85022463961532,29.84293054457331,421.3202256557256
2021-10-21 01:48:00+00:00,669,95.88077807194341,19.95,210.6601128278628
2021-10-21 01:51:00+00:00,755,95.91133150427149,38.3230092396475,0.0
2021-10-21 01:54:00+00:00,559,95.94188493659958,36.036636868986136,224.66482318951262
2021-10-21 01:57:00+00:00,850,95.97243836892767,33.75026449832477,449.32964637902523
2021-10-21 02:00:00+00:00,709,55.7,31.463892127663403,292.98130745120227
2021-10-21 02:03:00+00:00,567,55.6,19.95,443.88285579803164
2021-10-21 02:06:00+00:00,567,55.5,28.896901032112602,352.4849408377702
2021-10-21 02:09:00+00:00,820,55.5,37.8438020642252,261.0870258775087
